frozenset({'cling film/bags'}),	0.011387900355871887
frozenset({'frozen meals'}),	0.02836807320793086
frozenset({'vinegar'}),	0.006507371631926792
frozenset({'frankfurter'}),	0.058973055414336555
frozenset({'citrus fruit'}),	0.08276563294356888
frozenset({'seasonal products'}),	0.014234875444839857
frozenset({'newspapers'}),	0.07981698017285206
frozenset({'soft cheese'}),	0.01708185053380783
frozenset({'canned fish'}),	0.015048296898830707
frozenset({'pastry'}),	0.08896797153024912
frozenset({'hamburger meat'}),	0.033248601931875954
frozenset({'whole milk'}),	0.25551601423487547
frozenset({'roll products '}),	0.010269445856634469
frozenset({'liquor'}),	0.011082867310625319
frozenset({'cereals'}),	0.0056939501779359435
frozenset({'frozen potato products'}),	0.008439247585155059
frozenset({'candy'}),	0.0298932384341637
frozenset({'pot plants'}),	0.01728520589730554
frozenset({'popcorn'}),	0.007219115404168785
frozenset({'white bread'}),	0.042094560244026434
frozenset({'mayonnaise'}),	0.009150991357397052
frozenset({'coffee'}),	0.05805795627859685
frozenset({'flower (seeds)'}),	0.010371123538383325
frozenset({'pet care'}),	0.00945602440264362
frozenset({'processed cheese'}),	0.016573462125063547
frozenset({'dish cleaner'}),	0.01047280122013218
frozenset({'soups'}),	0.00681240467717336
frozenset({'softener'}),	0.005490594814438231
frozenset({'sauces'}),	0.005490594814438231
frozenset({'pip fruit'}),	0.07564819522114896
frozenset({'root vegetables'}),	0.10899847483477376
frozenset({'ice cream'}),	0.025012709710218607
frozenset({'Instant food products'}),	0.008032536858159633
frozenset({'frozen dessert'}),	0.010777834265378749
frozenset({'canned vegetables'}),	0.010777834265378749
frozenset({'dental care'}),	0.005795627859684799
frozenset({'tropical fruit'}),	0.10493136756481952
frozenset({'pork'}),	0.05765124555160142
frozenset({'grapes'}),	0.022369089984748347
frozenset({'other vegetables'}),	0.1934926283680732
frozenset({'dessert'}),	0.03711235383833249
frozenset({'brown bread'}),	0.06487036095577021
frozenset({'pasta'}),	0.015048296898830707
frozenset({'margarine'}),	0.05856634468734113
frozenset({'flour'}),	0.017386883579054397
frozenset({'chewing gum'}),	0.021047280122013217
frozenset({'sausage'}),	0.09395017793594305
frozenset({'beverages'}),	0.026029486527707167
frozenset({'rice'}),	0.007625826131164209
frozenset({'packaged fruit/vegetables'}),	0.013014743263853584
frozenset({'spread cheese'}),	0.011184544992374174
frozenset({'onions'}),	0.031011692933401117
frozenset({'shopping bags'}),	0.09852567361464158
frozenset({'sparkling wine'}),	0.005592272496187087
frozenset({'mustard'}),	0.011997966446365024
frozenset({'detergent'}),	0.019217081850533807
frozenset({'pickled vegetables'}),	0.017895271987798677
frozenset({'hygiene articles'}),	0.03294356888662939
frozenset({'misc. beverages'}),	0.02836807320793086
frozenset({'baking powder'}),	0.017691916624300967
frozenset({'sugar'}),	0.03385866802236909
frozenset({'frozen vegetables'}),	0.04809354346720895
frozenset({'specialty cheese'}),	0.008540925266903915
frozenset({'curd'}),	0.05327910523640061
frozenset({'fruit/vegetable juice'}),	0.0722928317234367
frozenset({'salty snack'}),	0.03782409761057448
frozenset({'spices'}),	0.005185561769191663
frozenset({'specialty chocolate'}),	0.03040162684290798
frozenset({'liver loaf'}),	0.005083884087442806
frozenset({'red/blush wine'}),	0.019217081850533807
frozenset({'curd cheese'}),	0.005083884087442806
frozenset({'condensed milk'}),	0.010269445856634469
frozenset({'salt'}),	0.010777834265378749
frozenset({'UHT-milk'}),	0.03345195729537367
frozenset({'specialty bar'}),	0.027351296390442297
frozenset({'dog food'}),	0.008540925266903915
frozenset({'whipped/sour cream'}),	0.07168276563294357
frozenset({'bottled water'}),	0.11052364006100661
frozenset({'rolls/buns'}),	0.18393492628368074
frozenset({'cream cheese '}),	0.03965429588205389
frozenset({'napkins'}),	0.05236400610066091
frozenset({'soda'}),	0.17437722419928825
frozenset({'butter'}),	0.05541433655312659
frozenset({'sliced cheese'}),	0.024504321301474327
frozenset({'kitchen towels'}),	0.005998983223182512
frozenset({'cleaner'}),	0.005083884087442806
frozenset({'butter milk'}),	0.027961362480935434
frozenset({'waffles'}),	0.038434163701067614
frozenset({'beef'}),	0.05246568378240976
frozenset({'cat food'}),	0.023284189120488054
frozenset({'photo/film'}),	0.009252669039145907
frozenset({'yogurt'}),	0.13950177935943062
frozenset({'sweet spreads'}),	0.009049313675648195
frozenset({'female sanitary products'}),	0.006100660904931368
frozenset({'house keeping products'}),	0.008337569903406202
frozenset({'canned beer'}),	0.07768174885612608
frozenset({'hard cheese'}),	0.024504321301474327
frozenset({'liquor (appetizer)'}),	0.007930859176410779
frozenset({'berries'}),	0.033248601931875954
frozenset({'turkey'}),	0.00813421453990849
frozenset({'instant coffee'}),	0.007422470767666497
frozenset({'bottled beer'}),	0.08052872394509406
frozenset({'ham'}),	0.026029486527707167
frozenset({'dishes'}),	0.01759023894255211
frozenset({'frozen fish'}),	0.011692933401118455
frozenset({'domestic eggs'}),	0.06344687341128623
frozenset({'semi-finished bread'}),	0.017691916624300967
frozenset({'chocolate'}),	0.04961870869344179
frozenset({'chicken'}),	0.04290798169801729
frozenset({'long life bakery product'}),	0.037417386883579054
frozenset({'cake bar'}),	0.013218098627351297
frozenset({'chocolate marshmallow'}),	0.009049313675648195
frozenset({'meat'}),	0.025826131164209457
frozenset({'candles'}),	0.008947635993899338
frozenset({'jam'}),	0.005388917132689374
frozenset({'white wine'}),	0.019013726487036097
frozenset({'zwieback'}),	0.006914082358922217
frozenset({'finished products'}),	0.006507371631926792
frozenset({'oil'}),	0.02806304016268429
frozenset({'herbs'}),	0.01626842907981698
frozenset({'other vegetables', 'citrus fruit'}),	0.02887646161667514
frozenset({'hamburger meat', 'sausage'}),	0.005185561769191663
frozenset({'dishes', 'whole milk'}),	0.0052872394509405184
frozenset({'root vegetables', 'sugar'}),	0.006405693950177936
frozenset({'other vegetables', 'herbs'}),	0.007727503812913066
frozenset({'bottled beer', 'other vegetables'}),	0.016166751398068124
frozenset({'bottled water', 'rolls/buns'}),	0.024199288256227757
frozenset({'whole milk', 'cake bar'}),	0.005592272496187087
frozenset({'shopping bags', 'newspapers'}),	0.006914082358922217
frozenset({'shopping bags', 'citrus fruit'}),	0.009761057447890189
frozenset({'margarine', 'pastry'}),	0.00681240467717336
frozenset({'whole milk', 'sausage'}),	0.0298932384341637
frozenset({'shopping bags', 'curd'}),	0.005388917132689374
frozenset({'rolls/buns', 'candy'}),	0.0071174377224199285
frozenset({'rolls/buns', 'domestic eggs'}),	0.015658362989323844
frozenset({'soda', 'brown bread'}),	0.01260803253685816
frozenset({'coffee', 'sausage'}),	0.006914082358922217
frozenset({'other vegetables', 'whipped/sour cream'}),	0.02887646161667514
frozenset({'whole milk', 'detergent'}),	0.008947635993899338
frozenset({'whole milk', 'sugar'}),	0.015048296898830707
frozenset({'long life bakery product', 'fruit/vegetable juice'}),	0.0062023385866802234
frozenset({'fruit/vegetable juice', 'other vegetables'}),	0.021047280122013217
frozenset({'tropical fruit', 'white bread'}),	0.008744280630401627
frozenset({'pastry', 'domestic eggs'}),	0.009049313675648195
frozenset({'soda', 'frankfurter'}),	0.01128622267412303
frozenset({'tropical fruit', 'chocolate'}),	0.00813421453990849
frozenset({'pip fruit', 'sausage'}),	0.010777834265378749
frozenset({'whole milk', 'other vegetables'}),	0.07483477376715811
frozenset({'other vegetables', 'sugar'}),	0.010777834265378749
frozenset({'berries', 'citrus fruit'}),	0.005388917132689374
frozenset({'pork', 'other vegetables'}),	0.021657346212506354
frozenset({'beef', 'other vegetables'}),	0.019725470259278087
frozenset({'butter', 'other vegetables'}),	0.020030503304524657
frozenset({'domestic eggs', 'newspapers'}),	0.006914082358922217
frozenset({'bottled water', 'other vegetables'}),	0.024809354346720894
frozenset({'pickled vegetables', 'whole milk'}),	0.0071174377224199285
frozenset({'pip fruit', 'frankfurter'}),	0.007219115404168785
frozenset({'domestic eggs', 'chicken'}),	0.0062023385866802234
frozenset({'salty snack', 'other vegetables'}),	0.010777834265378749
frozenset({'beef', 'yogurt'}),	0.011692933401118455
frozenset({'root vegetables', 'brown bread'}),	0.010167768174885612
frozenset({'hygiene articles', 'other vegetables'}),	0.009557702084392475
frozenset({'dessert', 'soda'}),	0.009862735129639044
frozenset({'cream cheese ', 'domestic eggs'}),	0.005083884087442806
frozenset({'whole milk', 'soft cheese'}),	0.0075241484494153535
frozenset({'whole milk', 'butter'}),	0.02755465175394001
frozenset({'beef', 'fruit/vegetable juice'}),	0.005083884087442806
frozenset({'pip fruit', 'newspapers'}),	0.006710726995424504
frozenset({'margarine', 'other vegetables'}),	0.019725470259278087
frozenset({'onions', 'root vegetables'}),	0.00945602440264362
frozenset({'fruit/vegetable juice', 'white bread'}),	0.007422470767666497
frozenset({'yogurt', 'salty snack'}),	0.0062023385866802234
frozenset({'whole milk', 'hard cheese'}),	0.010066090493136757
frozenset({'bottled water', 'fruit/vegetable juice'}),	0.014234875444839857
frozenset({'pastry', 'whipped/sour cream'}),	0.0075241484494153535
frozenset({'newspapers', 'chicken'}),	0.005185561769191663
frozenset({'rolls/buns', 'yogurt'}),	0.03436705643111337
frozenset({'whole milk', 'chicken'}),	0.01759023894255211
frozenset({'pastry', 'fruit/vegetable juice'}),	0.008540925266903915
frozenset({'whole milk', 'pork'}),	0.022165734621250637
frozenset({'chocolate', 'waffles'}),	0.005795627859684799
frozenset({'rolls/buns', 'soda'}),	0.03833248601931876
frozenset({'rolls/buns', 'hygiene articles'}),	0.005897305541433655
frozenset({'dessert', 'curd'}),	0.005185561769191663
frozenset({'margarine', 'sugar'}),	0.005490594814438231
frozenset({'canned fish', 'other vegetables'}),	0.005083884087442806
frozenset({'chicken', 'whipped/sour cream'}),	0.007219115404168785
frozenset({'beef', 'butter'}),	0.005795627859684799
frozenset({'pastry', 'whole milk'}),	0.033248601931875954
frozenset({'pastry', 'sugar'}),	0.005185561769191663
frozenset({'whole milk', 'frozen vegetables'}),	0.02043721403152008
frozenset({'frankfurter', 'citrus fruit'}),	0.006507371631926792
frozenset({'soda', 'butter'}),	0.008845958312150484
frozenset({'curd', 'domestic eggs'}),	0.006507371631926792
frozenset({'pastry', 'pork'}),	0.00630401626842908
frozenset({'pastry', 'beef'}),	0.00630401626842908
frozenset({'shopping bags', 'sausage'}),	0.015658362989323844
frozenset({'bottled water', 'newspapers'}),	0.01128622267412303
frozenset({'bottled beer', 'napkins'}),	0.005185561769191663
frozenset({'bottled water', 'frozen vegetables'}),	0.0062023385866802234
frozenset({'oil', 'root vegetables'}),	0.007015760040671073
frozenset({'pastry', 'bottled water'}),	0.008947635993899338
frozenset({'soda', 'pork'}),	0.011896288764616167
frozenset({'root vegetables', 'meat'}),	0.005083884087442806
frozenset({'shopping bags', 'canned beer'}),	0.011387900355871887
frozenset({'domestic eggs', 'citrus fruit'}),	0.010371123538383325
frozenset({'butter', 'frozen vegetables'}),	0.005795627859684799
frozenset({'beef', 'soda'}),	0.00813421453990849
frozenset({'tropical fruit', 'candy'}),	0.005388917132689374
frozenset({'root vegetables', 'frankfurter'}),	0.010167768174885612
frozenset({'pastry', 'salty snack'}),	0.005185561769191663
frozenset({'tropical fruit', 'domestic eggs'}),	0.011387900355871887
frozenset({'hamburger meat', 'other vegetables'}),	0.013828164717844434
frozenset({'other vegetables', 'waffles'}),	0.010066090493136757
frozenset({'shopping bags', 'cream cheese '}),	0.005592272496187087
frozenset({'coffee', 'frankfurter'}),	0.005083884087442806
frozenset({'frankfurter', 'brown bread'}),	0.0071174377224199285
frozenset({'margarine', 'butter'}),	0.006710726995424504
frozenset({'coffee', 'pip fruit'}),	0.006914082358922217
frozenset({'salty snack', 'sausage'}),	0.0052872394509405184
frozenset({'soda', 'salty snack'}),	0.009354346720894764
frozenset({'margarine', 'bottled water'}),	0.010269445856634469
frozenset({'canned beer', 'sausage'}),	0.00630401626842908
frozenset({'tropical fruit', 'frankfurter'}),	0.00945602440264362
frozenset({'napkins', 'citrus fruit'}),	0.007625826131164209
frozenset({'yogurt', 'hard cheese'}),	0.006405693950177936
frozenset({'bottled beer', 'frankfurter'}),	0.005388917132689374
frozenset({'bottled beer', 'root vegetables'}),	0.009659379766141332
frozenset({'yogurt', 'waffles'}),	0.0075241484494153535
frozenset({'whole milk', 'herbs'}),	0.007727503812913066
frozenset({'domestic eggs', 'sausage'}),	0.009557702084392475
frozenset({'frozen vegetables', 'whipped/sour cream'}),	0.007930859176410779
frozenset({'rolls/buns', 'whole milk'}),	0.05663446873411286
frozenset({'rolls/buns', 'sugar'}),	0.007015760040671073
frozenset({'chocolate', 'pip fruit'}),	0.006100660904931368
frozenset({'rolls/buns', 'white bread'}),	0.006507371631926792
frozenset({'shopping bags', 'other vegetables'}),	0.023182511438739197
frozenset({'whole milk', 'sliced cheese'}),	0.010777834265378749
frozenset({'bottled beer', 'rolls/buns'}),	0.01362480935434672
frozenset({'whole milk', 'candy'}),	0.008235892221657347
frozenset({'margarine', 'yogurt'}),	0.014234875444839857
frozenset({'whole milk', 'coffee'}),	0.018708693441789527
frozenset({'rolls/buns', 'citrus fruit'}),	0.01677681748856126
frozenset({'frankfurter', 'whipped/sour cream'}),	0.0062023385866802234
frozenset({'bottled water', 'frankfurter'}),	0.007320793085917641
frozenset({'meat', 'sausage'}),	0.0052872394509405184
frozenset({'bottled water', 'beef'}),	0.0062023385866802234
frozenset({'hamburger meat', 'rolls/buns'}),	0.00864260294865277
frozenset({'margarine', 'pip fruit'}),	0.008540925266903915
frozenset({'specialty chocolate', 'soda'}),	0.00630401626842908
frozenset({'root vegetables', 'whole milk'}),	0.048906964921199794
frozenset({'fruit/vegetable juice', 'citrus fruit'}),	0.010371123538383325
frozenset({'curd', 'citrus fruit'}),	0.0071174377224199285
frozenset({'bottled water', 'coffee'}),	0.007320793085917641
frozenset({'shopping bags', 'rolls/buns'}),	0.019522114895780377
frozenset({'domestic eggs', 'frozen vegetables'}),	0.005185561769191663
frozenset({'root vegetables', 'citrus fruit'}),	0.017691916624300967
frozenset({'cream cheese ', 'soda'}),	0.00681240467717336
frozenset({'rolls/buns', 'soft cheese'}),	0.005388917132689374
frozenset({'pastry', 'yogurt'}),	0.017691916624300967
frozenset({'pastry', 'white bread'}),	0.005592272496187087
frozenset({'other vegetables', 'candy'}),	0.006914082358922217
frozenset({'bottled water', 'curd'}),	0.006100660904931368
frozenset({'shopping bags', 'fruit/vegetable juice'}),	0.010676156583629894
frozenset({'coffee', 'citrus fruit'}),	0.006405693950177936
frozenset({'shopping bags', 'salty snack'}),	0.005998983223182512
frozenset({'chicken', 'sausage'}),	0.0052872394509405184
frozenset({'long life bakery product', 'whipped/sour cream'}),	0.005795627859684799
frozenset({'yogurt', 'soda'}),	0.027351296390442297
frozenset({'whole milk', 'citrus fruit'}),	0.030503304524656837
frozenset({'frozen vegetables', 'frankfurter'}),	0.005083884087442806
frozenset({'berries', 'other vegetables'}),	0.010269445856634469
frozenset({'butter milk', 'root vegetables'}),	0.005083884087442806
frozenset({'rolls/buns', 'brown bread'}),	0.01260803253685816
frozenset({'pork', 'citrus fruit'}),	0.006507371631926792
frozenset({'tropical fruit', 'citrus fruit'}),	0.0199288256227758
frozenset({'margarine', 'sausage'}),	0.0071174377224199285
frozenset({'chocolate', 'fruit/vegetable juice'}),	0.00681240467717336
frozenset({'pastry', 'waffles'}),	0.007015760040671073
frozenset({'tropical fruit', 'sliced cheese'}),	0.0052872394509405184
frozenset({'butter milk', 'other vegetables'}),	0.010371123538383325
frozenset({'yogurt', 'chicken'}),	0.008337569903406202
frozenset({'bottled water', 'butter'}),	0.008947635993899338
frozenset({'soda', 'sausage'}),	0.024300965937976614
frozenset({'tropical fruit', 'yogurt'}),	0.029283172343670564
frozenset({'pip fruit', 'brown bread'}),	0.007625826131164209
frozenset({'shopping bags', 'pork'}),	0.006405693950177936
frozenset({'tropical fruit', 'shopping bags'}),	0.013523131672597865
frozenset({'rolls/buns', 'chocolate'}),	0.01179461108286731
frozenset({'rolls/buns', 'hard cheese'}),	0.005897305541433655
frozenset({'whole milk', 'napkins'}),	0.019725470259278087
frozenset({'soda', 'waffles'}),	0.009557702084392475
frozenset({'pastry', 'soda'}),	0.021047280122013217
frozenset({'soda', 'pip fruit'}),	0.013319776309100152
frozenset({'tropical fruit', 'long life bakery product'}),	0.00630401626842908
frozenset({'whole milk', 'waffles'}),	0.012709710218607015
frozenset({'pastry', 'brown bread'}),	0.009659379766141332
frozenset({'fruit/vegetable juice', 'coffee'}),	0.005998983223182512
frozenset({'other vegetables', 'cat food'}),	0.006507371631926792
frozenset({'butter', 'sausage'}),	0.00864260294865277
frozenset({'tropical fruit', 'dessert'}),	0.00630401626842908
frozenset({'soda', 'chewing gum'}),	0.005388917132689374
frozenset({'pork', 'sausage'}),	0.006507371631926792
frozenset({'margarine', 'soda'}),	0.010167768174885612
frozenset({'onions', 'whole milk'}),	0.012099644128113879
frozenset({'pastry', 'shopping bags'}),	0.011896288764616167
frozenset({'pastry', 'napkins'}),	0.007015760040671073
frozenset({'fruit/vegetable juice', 'frankfurter'}),	0.0052872394509405184
frozenset({'soda', 'chicken'}),	0.008337569903406202
frozenset({'curd', 'pip fruit'}),	0.007829181494661922
frozenset({'long life bakery product', 'chocolate'}),	0.0052872394509405184
frozenset({'whole milk', 'baking powder'}),	0.009252669039145907
frozenset({'salty snack', 'fruit/vegetable juice'}),	0.005998983223182512
frozenset({'yogurt', 'white bread'}),	0.009049313675648195
frozenset({'root vegetables', 'butter'}),	0.012913065582104729
frozenset({'pip fruit', 'butter'}),	0.007320793085917641
frozenset({'chocolate', 'other vegetables'}),	0.012709710218607015
frozenset({'rolls/buns', 'newspapers'}),	0.019725470259278087
frozenset({'yogurt', 'cat food'}),	0.0062023385866802234
frozenset({'curd', 'sausage'}),	0.007625826131164209
frozenset({'fruit/vegetable juice', 'sausage'}),	0.010066090493136757
frozenset({'margarine', 'shopping bags'}),	0.0056939501779359435
frozenset({'dessert', 'rolls/buns'}),	0.00681240467717336
frozenset({'chocolate', 'soda'}),	0.013523131672597865
frozenset({'shopping bags', 'bottled beer'}),	0.005592272496187087
frozenset({'yogurt', 'other vegetables'}),	0.04341637010676157
frozenset({'other vegetables', 'white bread'}),	0.013726487036095577
frozenset({'newspapers', 'butter'}),	0.005795627859684799
frozenset({'whole milk', 'pot plants'}),	0.006914082358922217
frozenset({'napkins', 'sausage'}),	0.006710726995424504
frozenset({'yogurt', 'chocolate'}),	0.009252669039145907
frozenset({'yogurt', 'curd'}),	0.01728520589730554
frozenset({'specialty bar', 'soda'}),	0.007219115404168785
frozenset({'rolls/buns', 'pip fruit'}),	0.013929842399593289
frozenset({'shopping bags', 'waffles'}),	0.005490594814438231
frozenset({'tropical fruit', 'frozen meals'}),	0.005490594814438231
frozenset({'cream cheese ', 'other vegetables'}),	0.013726487036095577
frozenset({'soda', 'coffee'}),	0.0099644128113879
frozenset({'pastry', 'root vegetables'}),	0.010981189628876462
frozenset({'root vegetables', 'frozen vegetables'}),	0.011591255719369599
frozenset({'tropical fruit', 'soda'}),	0.020843924758515507
frozenset({'bottled beer', 'brown bread'}),	0.005185561769191663
frozenset({'beef', 'newspapers'}),	0.006405693950177936
frozenset({'newspapers', 'pork'}),	0.0066090493136756485
frozenset({'fruit/vegetable juice', 'pip fruit'}),	0.009557702084392475
frozenset({'bottled beer', 'sausage'}),	0.007829181494661922
frozenset({'UHT-milk', 'bottled water'}),	0.007320793085917641
frozenset({'canned beer', 'other vegetables'}),	0.009049313675648195
frozenset({'long life bakery product', 'other vegetables'}),	0.010676156583629894
frozenset({'pork', 'chicken'}),	0.005795627859684799
frozenset({'margarine', 'whole milk'}),	0.024199288256227757
frozenset({'whole milk', 'chewing gum'}),	0.005083884087442806
frozenset({'shopping bags', 'frankfurter'}),	0.008235892221657347
frozenset({'yogurt', 'cream cheese '}),	0.012404677173360447
frozenset({'root vegetables', 'coffee'}),	0.007320793085917641
frozenset({'ham', 'other vegetables'}),	0.009150991357397052
frozenset({'soda', 'other vegetables'}),	0.032740213523131674
frozenset({'rolls/buns', 'oil'}),	0.005083884087442806
frozenset({'other vegetables', 'sausage'}),	0.026944585663446874
frozenset({'tropical fruit', 'pip fruit'}),	0.02043721403152008
frozenset({'beef', 'root vegetables'}),	0.017386883579054397
frozenset({'other vegetables', 'brown bread'}),	0.018708693441789527
frozenset({'bottled water', 'sausage'}),	0.011997966446365024
frozenset({'whole milk', 'salty snack'}),	0.011184544992374174
frozenset({'root vegetables', 'sausage'}),	0.01494661921708185
frozenset({'long life bakery product', 'yogurt'}),	0.008744280630401627
frozenset({'soda', 'whipped/sour cream'}),	0.011591255719369599
frozenset({'newspapers', 'whipped/sour cream'}),	0.007219115404168785
frozenset({'tropical fruit', 'rolls/buns'}),	0.024605998983223184
frozenset({'napkins', 'other vegetables'}),	0.01443823080833757
frozenset({'beef', 'sausage'}),	0.005592272496187087
frozenset({'fruit/vegetable juice', 'butter'}),	0.008032536858159633
frozenset({'UHT-milk', 'other vegetables'}),	0.00813421453990849
frozenset({'bottled water', 'canned beer'}),	0.008032536858159633
frozenset({'onions', 'yogurt'}),	0.007219115404168785
frozenset({'ice cream', 'soda'}),	0.006100660904931368
frozenset({'pastry', 'chocolate'}),	0.008032536858159633
frozenset({'beef', 'whole milk'}),	0.02125063548551093
frozenset({'whole milk', 'brown bread'}),	0.02521606507371632
frozenset({'frozen vegetables', 'other vegetables'}),	0.017793594306049824
frozenset({'domestic eggs', 'white bread'}),	0.005795627859684799
frozenset({'grapes', 'other vegetables'}),	0.009049313675648195
frozenset({'shopping bags', 'napkins'}),	0.007219115404168785
frozenset({'cream cheese ', 'whipped/sour cream'}),	0.006405693950177936
frozenset({'frozen vegetables', 'sausage'}),	0.005998983223182512
frozenset({'tropical fruit', 'bottled water'}),	0.018505338078291814
frozenset({'shopping bags', 'whole milk'}),	0.024504321301474327
frozenset({'butter milk', 'rolls/buns'}),	0.007625826131164209
frozenset({'margarine', 'frankfurter'}),	0.006405693950177936
frozenset({'ice cream', 'other vegetables'}),	0.005083884087442806
frozenset({'soda', 'curd'}),	0.00813421453990849
frozenset({'butter', 'brown bread'}),	0.005795627859684799
frozenset({'pork', 'butter'}),	0.005490594814438231
frozenset({'UHT-milk', 'yogurt'}),	0.007422470767666497
frozenset({'yogurt', 'whipped/sour cream'}),	0.02074224707676665
frozenset({'bottled water', 'brown bread'}),	0.008235892221657347
frozenset({'whole milk', 'chocolate'}),	0.016675139806812404
frozenset({'dishes', 'other vegetables'}),	0.005998983223182512
frozenset({'root vegetables', 'other vegetables'}),	0.047381799694966954
frozenset({'bottled water', 'chocolate'}),	0.005795627859684799
frozenset({'margarine', 'bottled beer'}),	0.006100660904931368
frozenset({'pastry', 'frankfurter'}),	0.008337569903406202
frozenset({'root vegetables', 'chocolate'}),	0.006405693950177936
frozenset({'soda', 'domestic eggs'}),	0.012404677173360447
frozenset({'beef', 'citrus fruit'}),	0.008439247585155059
frozenset({'pastry', 'long life bakery product'}),	0.005897305541433655
frozenset({'bottled beer', 'soda'}),	0.016980172852058974
frozenset({'yogurt', 'sugar'}),	0.006914082358922217
frozenset({'yogurt', 'domestic eggs'}),	0.014336553126588714
frozenset({'pastry', 'dessert'}),	0.005388917132689374
frozenset({'shopping bags', 'root vegetables'}),	0.012811387900355872
frozenset({'shopping bags', 'pip fruit'}),	0.009354346720894764
frozenset({'tropical fruit', 'brown bread'}),	0.010676156583629894
frozenset({'whole milk', 'berries'}),	0.01179461108286731
frozenset({'soda', 'canned beer'}),	0.013828164717844434
frozenset({'long life bakery product', 'sausage'}),	0.005388917132689374
frozenset({'pastry', 'sausage'}),	0.012506354855109304
frozenset({'pip fruit', 'domestic eggs'}),	0.00864260294865277
frozenset({'dessert', 'sausage'}),	0.005897305541433655
frozenset({'shopping bags', 'coffee'}),	0.009354346720894764
frozenset({'margarine', 'whipped/sour cream'}),	0.00681240467717336
frozenset({'specialty chocolate', 'rolls/buns'}),	0.005592272496187087
frozenset({'white bread', 'whipped/sour cream'}),	0.005490594814438231
frozenset({'pip fruit', 'citrus fruit'}),	0.013828164717844434
frozenset({'onions', 'bottled water'}),	0.005897305541433655
frozenset({'chicken', 'frozen vegetables'}),	0.006710726995424504
frozenset({'specialty bar', 'rolls/buns'}),	0.005592272496187087
frozenset({'napkins', 'hygiene articles'}),	0.006100660904931368
frozenset({'margarine', 'curd'}),	0.00630401626842908
frozenset({'dessert', 'whole milk'}),	0.013726487036095577
frozenset({'baking powder', 'other vegetables'}),	0.007320793085917641
frozenset({'bottled beer', 'butter'}),	0.005795627859684799
frozenset({'rolls/buns', 'cream cheese '}),	0.0099644128113879
frozenset({'margarine', 'frozen vegetables'}),	0.005083884087442806
frozenset({'whole milk', 'pasta'}),	0.006100660904931368
frozenset({'margarine', 'newspapers'}),	0.0071174377224199285
frozenset({'margarine', 'citrus fruit'}),	0.007930859176410779
frozenset({'root vegetables', 'hard cheese'}),	0.005592272496187087
frozenset({'other vegetables', 'soft cheese'}),	0.0071174377224199285
frozenset({'bottled beer', 'yogurt'}),	0.009252669039145907
frozenset({'root vegetables', 'waffles'}),	0.0066090493136756485
frozenset({'napkins', 'pip fruit'}),	0.006710726995424504
frozenset({'root vegetables', 'berries'}),	0.0066090493136756485
frozenset({'margarine', 'pork'}),	0.006405693950177936
frozenset({'tropical fruit', 'margarine'}),	0.009354346720894764
frozenset({'pork', 'whipped/sour cream'}),	0.008235892221657347
frozenset({'bottled water', 'pork'}),	0.007422470767666497
frozenset({'specialty bar', 'whole milk'}),	0.006507371631926792
frozenset({'beef', 'whipped/sour cream'}),	0.006710726995424504
frozenset({'margarine', 'root vegetables'}),	0.011082867310625319
frozenset({'rolls/buns', 'long life bakery product'}),	0.007930859176410779
frozenset({'napkins', 'domestic eggs'}),	0.005998983223182512
frozenset({'whole milk', 'cream cheese '}),	0.016471784443314694
frozenset({'whole milk', 'pip fruit'}),	0.030096593797661414
frozenset({'chocolate', 'citrus fruit'}),	0.006405693950177936
frozenset({'coffee', 'whipped/sour cream'}),	0.006100660904931368
frozenset({'pork', 'frozen vegetables'}),	0.006405693950177936
frozenset({'misc. beverages', 'bottled water'}),	0.0052872394509405184
frozenset({'root vegetables', 'hygiene articles'}),	0.005388917132689374
frozenset({'bottled water', 'hygiene articles'}),	0.0056939501779359435
frozenset({'fruit/vegetable juice', 'whipped/sour cream'}),	0.009049313675648195
frozenset({'salty snack', 'whipped/sour cream'}),	0.005185561769191663
frozenset({'sliced cheese', 'sausage'}),	0.007015760040671073
frozenset({'other vegetables', 'frankfurter'}),	0.016471784443314694
frozenset({'yogurt', 'citrus fruit'}),	0.021657346212506354
frozenset({'margarine', 'rolls/buns'}),	0.014743263853584139
frozenset({'mustard', 'whole milk'}),	0.005185561769191663
frozenset({'tropical fruit', 'newspapers'}),	0.01179461108286731
frozenset({'whole milk', 'hygiene articles'}),	0.012811387900355872
frozenset({'dessert', 'other vegetables'}),	0.011591255719369599
frozenset({'root vegetables', 'pip fruit'}),	0.015556685307574987
frozenset({'tropical fruit', 'beef'}),	0.007625826131164209
frozenset({'berries', 'whipped/sour cream'}),	0.009049313675648195
frozenset({'fruit/vegetable juice', 'frozen vegetables'}),	0.007829181494661922
frozenset({'yogurt', 'sliced cheese'}),	0.008032536858159633
frozenset({'domestic eggs', 'brown bread'}),	0.00681240467717336
frozenset({'yogurt', 'pork'}),	0.009557702084392475
frozenset({'tropical fruit', 'coffee'}),	0.0071174377224199285
frozenset({'bottled beer', 'citrus fruit'}),	0.006100660904931368
frozenset({'bottled water', 'whole milk'}),	0.03436705643111337
frozenset({'pickled vegetables', 'other vegetables'}),	0.006405693950177936
frozenset({'rolls/buns', 'frozen vegetables'}),	0.010167768174885612
frozenset({'root vegetables', 'domestic eggs'}),	0.014336553126588714
frozenset({'shopping bags', 'domestic eggs'}),	0.009049313675648195
frozenset({'root vegetables', 'chicken'}),	0.010879511947127605
frozenset({'tropical fruit', 'root vegetables'}),	0.021047280122013217
frozenset({'shopping bags', 'brown bread'}),	0.009252669039145907
frozenset({'bottled beer', 'bottled water'}),	0.0157600406710727
frozenset({'tropical fruit', 'salty snack'}),	0.005592272496187087
frozenset({'dessert', 'yogurt'}),	0.009862735129639044
frozenset({'flour', 'other vegetables'}),	0.00630401626842908
frozenset({'frankfurter', 'sausage'}),	0.010066090493136757
frozenset({'sliced cheese', 'other vegetables'}),	0.009049313675648195
frozenset({'yogurt', 'fruit/vegetable juice'}),	0.018708693441789527
frozenset({'whipped/sour cream', 'citrus fruit'}),	0.010879511947127605
frozenset({'rolls/buns', 'beef'}),	0.01362480935434672
frozenset({'newspapers', 'brown bread'}),	0.007625826131164209
frozenset({'brown bread', 'citrus fruit'}),	0.008337569903406202
frozenset({'tropical fruit', 'sausage'}),	0.013929842399593289
frozenset({'white bread', 'sausage'}),	0.007219115404168785
frozenset({'butter milk', 'pip fruit'}),	0.005083884087442806
frozenset({'cream cheese ', 'fruit/vegetable juice'}),	0.0056939501779359435
frozenset({'tropical fruit', 'ham'}),	0.005388917132689374
frozenset({'soda', 'sliced cheese'}),	0.005083884087442806
frozenset({'specialty chocolate', 'other vegetables'}),	0.006100660904931368
frozenset({'shopping bags', 'bottled water'}),	0.010981189628876462
frozenset({'shopping bags', 'whipped/sour cream'}),	0.007930859176410779
frozenset({'hard cheese', 'other vegetables'}),	0.00945602440264362
frozenset({'tropical fruit', 'whole milk'}),	0.04229791560752415
frozenset({'meat', 'other vegetables'}),	0.0099644128113879
frozenset({'bottled water', 'root vegetables'}),	0.015658362989323844
frozenset({'rolls/buns', 'ham'}),	0.006914082358922217
frozenset({'onions', 'citrus fruit'}),	0.005592272496187087
frozenset({'root vegetables', 'white bread'}),	0.007930859176410779
frozenset({'pip fruit', 'white bread'}),	0.0066090493136756485
frozenset({'white bread', 'frankfurter'}),	0.005185561769191663
frozenset({'yogurt', 'butter'}),	0.014641586171835282
frozenset({'beverages', 'other vegetables'}),	0.005185561769191663
frozenset({'rolls/buns', 'other vegetables'}),	0.042602948652770714
frozenset({'tropical fruit', 'napkins'}),	0.010066090493136757
frozenset({'soda', 'meat'}),	0.005490594814438231
frozenset({'hamburger meat', 'whole milk'}),	0.014743263853584139
frozenset({'tropical fruit', 'butter milk'}),	0.005490594814438231
frozenset({'whipped/sour cream', 'sausage'}),	0.009049313675648195
frozenset({'whole milk', 'curd'}),	0.026131164209456024
frozenset({'specialty chocolate', 'whole milk'}),	0.008032536858159633
frozenset({'yogurt', 'meat'}),	0.0052872394509405184
frozenset({'fruit/vegetable juice', 'brown bread'}),	0.008337569903406202
frozenset({'waffles', 'whipped/sour cream'}),	0.005083884087442806
frozenset({'rolls/buns', 'sliced cheese'}),	0.007625826131164209
frozenset({'yogurt', 'hygiene articles'}),	0.007320793085917641
frozenset({'curd', 'butter'}),	0.00681240467717336
frozenset({'beverages', 'yogurt'}),	0.005490594814438231
frozenset({'beef', 'pork'}),	0.007625826131164209
frozenset({'soda', 'hygiene articles'}),	0.007015760040671073
frozenset({'whole milk', 'cat food'}),	0.008845958312150484
frozenset({'pastry', 'other vegetables'}),	0.02257244534824606
frozenset({'bottled water', 'napkins'}),	0.00864260294865277
frozenset({'yogurt', 'candy'}),	0.005490594814438231
frozenset({'pork', 'brown bread'}),	0.005592272496187087
frozenset({'yogurt', 'frankfurter'}),	0.011184544992374174
frozenset({'rolls/buns', 'curd'}),	0.010066090493136757
frozenset({'root vegetables', 'sliced cheese'}),	0.005592272496187087
frozenset({'tropical fruit', 'waffles'}),	0.006100660904931368
frozenset({'long life bakery product', 'whole milk'}),	0.013523131672597865
frozenset({'rolls/buns', 'berries'}),	0.0066090493136756485
frozenset({'whole milk', 'fruit/vegetable juice'}),	0.026639552618200304
frozenset({'chicken', 'other vegetables'}),	0.017895271987798677
frozenset({'shopping bags', 'hygiene articles'}),	0.005185561769191663
frozenset({'bottled beer', 'pork'}),	0.005185561769191663
frozenset({'shopping bags', 'chocolate'}),	0.00813421453990849
frozenset({'dessert', 'bottled water'}),	0.005185561769191663
frozenset({'oil', 'other vegetables'}),	0.0099644128113879
frozenset({'margarine', 'brown bread'}),	0.006507371631926792
frozenset({'margarine', 'beef'}),	0.0062023385866802234
frozenset({'processed cheese', 'soda'}),	0.0052872394509405184
frozenset({'bottled water', 'pip fruit'}),	0.010574478901881037
frozenset({'misc. beverages', 'soda'}),	0.007320793085917641
frozenset({'rolls/buns', 'waffles'}),	0.009150991357397052
frozenset({'tropical fruit', 'whipped/sour cream'}),	0.013828164717844434
frozenset({'bottled beer', 'fruit/vegetable juice'}),	0.007015760040671073
frozenset({'pastry', 'rolls/buns'}),	0.02094560244026436
frozenset({'tropical fruit', 'berries'}),	0.006710726995424504
frozenset({'soda', 'fruit/vegetable juice'}),	0.01840366039654296
frozenset({'misc. beverages', 'other vegetables'}),	0.005592272496187087
frozenset({'chicken', 'butter'}),	0.005795627859684799
frozenset({'hard cheese', 'sausage'}),	0.005185561769191663
frozenset({'processed cheese', 'other vegetables'}),	0.005490594814438231
frozenset({'shopping bags', 'white bread'}),	0.007422470767666497
frozenset({'domestic eggs', 'butter'}),	0.009659379766141332
frozenset({'semi-finished bread', 'whole milk'}),	0.0071174377224199285
frozenset({'tropical fruit', 'grapes'}),	0.006100660904931368
frozenset({'root vegetables', 'newspapers'}),	0.011489578037620742
frozenset({'onions', 'whipped/sour cream'}),	0.005083884087442806
frozenset({'tropical fruit', 'frozen vegetables'}),	0.008744280630401627
frozenset({'UHT-milk', 'rolls/buns'}),	0.006405693950177936
frozenset({'root vegetables', 'soda'}),	0.01860701576004067
frozenset({'grapes', 'whole milk'}),	0.007320793085917641
frozenset({'pastry', 'coffee'}),	0.006914082358922217
frozenset({'butter milk', 'yogurt'}),	0.008540925266903915
frozenset({'hamburger meat', 'yogurt'}),	0.006507371631926792
frozenset({'soda', 'berries'}),	0.007320793085917641
frozenset({'beverages', 'whole milk'}),	0.00681240467717336
frozenset({'frozen meals', 'whole milk'}),	0.009862735129639044
frozenset({'soda', 'candy'}),	0.00864260294865277
frozenset({'whole milk', 'newspapers'}),	0.027351296390442297
frozenset({'brown bread', 'sausage'}),	0.010676156583629894
frozenset({'newspapers', 'citrus fruit'}),	0.008337569903406202
frozenset({'bottled water', 'whipped/sour cream'}),	0.008744280630401627
frozenset({'soda', 'newspapers'}),	0.014641586171835282
frozenset({'whole milk', 'white bread'}),	0.01708185053380783
frozenset({'butter', 'whipped/sour cream'}),	0.010167768174885612
frozenset({'whole milk', 'whipped/sour cream'}),	0.032231825114387394
frozenset({'detergent', 'other vegetables'}),	0.006405693950177936
frozenset({'rolls/buns', 'meat'}),	0.006914082358922217
frozenset({'domestic eggs', 'frankfurter'}),	0.007015760040671073
frozenset({'pip fruit', 'pork'}),	0.006100660904931368
frozenset({'hamburger meat', 'soda'}),	0.005795627859684799
frozenset({'shopping bags', 'yogurt'}),	0.015251652262328419
frozenset({'napkins', 'newspapers'}),	0.0062023385866802234
frozenset({'soda', 'napkins'}),	0.011997966446365024
frozenset({'root vegetables', 'herbs'}),	0.007015760040671073
frozenset({'shopping bags', 'soda'}),	0.024605998983223184
frozenset({'rolls/buns', 'frankfurter'}),	0.019217081850533807
frozenset({'whole milk', 'canned beer'}),	0.008845958312150484
frozenset({'rolls/buns', 'root vegetables'}),	0.024300965937976614
frozenset({'curd', 'whipped/sour cream'}),	0.01047280122013218
frozenset({'tropical fruit', 'bottled beer'}),	0.008235892221657347
frozenset({'UHT-milk', 'soda'}),	0.007625826131164209
frozenset({'ham', 'white bread'}),	0.005083884087442806
frozenset({'bottled beer', 'whole milk'}),	0.02043721403152008
frozenset({'whole milk', 'ham'}),	0.011489578037620742
frozenset({'pastry', 'pip fruit'}),	0.010676156583629894
frozenset({'rolls/buns', 'coffee'}),	0.010981189628876462
frozenset({'whole milk', 'domestic eggs'}),	0.029994916115912557
frozenset({'root vegetables', 'napkins'}),	0.0099644128113879
frozenset({'rolls/buns', 'sausage'}),	0.030604982206405694
frozenset({'dessert', 'fruit/vegetable juice'}),	0.005998983223182512
frozenset({'curd', 'other vegetables'}),	0.017183528215556684
frozenset({'margarine', 'domestic eggs'}),	0.008337569903406202
frozenset({'domestic eggs', 'whipped/sour cream'}),	0.0099644128113879
frozenset({'bottled water', 'domestic eggs'}),	0.009150991357397052
frozenset({'rolls/buns', 'canned beer'}),	0.01128622267412303
frozenset({'whole milk', 'frankfurter'}),	0.020538891713268937
frozenset({'frozen vegetables', 'citrus fruit'}),	0.0066090493136756485
frozenset({'yogurt', 'berries'}),	0.010574478901881037
frozenset({'soda', 'frozen vegetables'}),	0.00864260294865277
frozenset({'curd', 'newspapers'}),	0.0056939501779359435
frozenset({'onions', 'other vegetables'}),	0.014234875444839857
frozenset({'napkins', 'pork'}),	0.005185561769191663
frozenset({'tropical fruit', 'curd'}),	0.010269445856634469
frozenset({'coffee', 'other vegetables'}),	0.013421453990849009
frozenset({'butter milk', 'whole milk'}),	0.011591255719369599
frozenset({'oil', 'yogurt'}),	0.0052872394509405184
frozenset({'butter', 'citrus fruit'}),	0.009150991357397052
frozenset({'yogurt', 'frozen vegetables'}),	0.012404677173360447
frozenset({'bottled beer', 'pip fruit'}),	0.005897305541433655
frozenset({'bottled water', 'citrus fruit'}),	0.013523131672597865
frozenset({'tropical fruit', 'other vegetables'}),	0.035892221657346214
frozenset({'rolls/buns', 'napkins'}),	0.011692933401118455
frozenset({'yogurt', 'newspapers'}),	0.015353329944077275
frozenset({'processed cheese', 'whole milk'}),	0.007015760040671073
frozenset({'soda', 'white bread'}),	0.010269445856634469
frozenset({'specialty bar', 'other vegetables'}),	0.005592272496187087
frozenset({'hamburger meat', 'root vegetables'}),	0.0062023385866802234
frozenset({'ice cream', 'whole milk'}),	0.005897305541433655
frozenset({'root vegetables', 'curd'}),	0.010879511947127605
frozenset({'frozen meals', 'yogurt'}),	0.0062023385866802234
frozenset({'chocolate', 'butter'}),	0.0062023385866802234
frozenset({'napkins', 'fruit/vegetable juice'}),	0.006914082358922217
frozenset({'onions', 'rolls/buns'}),	0.00681240467717336
frozenset({'cream cheese ', 'pip fruit'}),	0.006100660904931368
frozenset({'yogurt', 'coffee'}),	0.009761057447890189
frozenset({'root vegetables', 'cream cheese '}),	0.0075241484494153535
frozenset({'tropical fruit', 'pork'}),	0.008540925266903915
frozenset({'hygiene articles', 'citrus fruit'}),	0.0052872394509405184
frozenset({'domestic eggs', 'pork'}),	0.005592272496187087
frozenset({'newspapers', 'sausage'}),	0.008032536858159633
frozenset({'frozen meals', 'soda'}),	0.0062023385866802234
frozenset({'semi-finished bread', 'other vegetables'}),	0.005185561769191663
frozenset({'flour', 'whole milk'}),	0.008439247585155059
frozenset({'yogurt', 'pip fruit'}),	0.017996949669547534
frozenset({'yogurt', 'root vegetables'}),	0.025826131164209457
frozenset({'rolls/buns', 'fruit/vegetable juice'}),	0.014539908490086425
frozenset({'pastry', 'newspapers'}),	0.008439247585155059
frozenset({'pastry', 'citrus fruit'}),	0.009761057447890189
frozenset({'pork', 'frankfurter'}),	0.005897305541433655
frozenset({'long life bakery product', 'soda'}),	0.007625826131164209
frozenset({'root vegetables', 'pork'}),	0.01362480935434672
frozenset({'tropical fruit', 'cream cheese '}),	0.007219115404168785
frozenset({'frozen meals', 'other vegetables'}),	0.0075241484494153535
frozenset({'tropical fruit', 'fruit/vegetable juice'}),	0.013726487036095577
frozenset({'fruit/vegetable juice', 'domestic eggs'}),	0.008032536858159633
frozenset({'yogurt', 'canned beer'}),	0.005388917132689374
frozenset({'rolls/buns', 'butter'}),	0.013421453990849009
frozenset({'cream cheese ', 'sausage'}),	0.005592272496187087
frozenset({'dessert', 'root vegetables'}),	0.005795627859684799
frozenset({'pip fruit', 'other vegetables'}),	0.026131164209456024
frozenset({'yogurt', 'ham'}),	0.006710726995424504
frozenset({'rolls/buns', 'pork'}),	0.01128622267412303
frozenset({'tropical fruit', 'onions'}),	0.0056939501779359435
frozenset({'chicken', 'citrus fruit'}),	0.006914082358922217
frozenset({'yogurt', 'sausage'}),	0.019623792577529234
frozenset({'pip fruit', 'frozen vegetables'}),	0.007320793085917641
frozenset({'long life bakery product', 'root vegetables'}),	0.0052872394509405184
frozenset({'root vegetables', 'fruit/vegetable juice'}),	0.011997966446365024
frozenset({'pastry', 'curd'}),	0.0075241484494153535
frozenset({'yogurt', 'whole milk'}),	0.05602440264361973
frozenset({'onions', 'soda'}),	0.0052872394509405184
frozenset({'pip fruit', 'whipped/sour cream'}),	0.009252669039145907
frozenset({'root vegetables', 'whipped/sour cream'}),	0.01708185053380783
frozenset({'bottled water', 'cream cheese '}),	0.005897305541433655
frozenset({'yogurt', 'napkins'}),	0.012302999491611592
frozenset({'chocolate', 'sausage'}),	0.0066090493136756485
frozenset({'bottled water', 'chicken'}),	0.0052872394509405184
frozenset({'yogurt', 'soft cheese'}),	0.005998983223182512
frozenset({'chocolate', 'newspapers'}),	0.005490594814438231
frozenset({'tropical fruit', 'butter'}),	0.0099644128113879
frozenset({'bottled water', 'yogurt'}),	0.022979156075241484
frozenset({'fruit/vegetable juice', 'newspapers'}),	0.008235892221657347
frozenset({'rolls/buns', 'whipped/sour cream'}),	0.014641586171835282
frozenset({'cream cheese ', 'citrus fruit'}),	0.0056939501779359435
frozenset({'whole milk', 'meat'}),	0.0099644128113879
frozenset({'tropical fruit', 'pastry'}),	0.013218098627351297
frozenset({'margarine', 'fruit/vegetable juice'}),	0.0062023385866802234
frozenset({'bottled water', 'soda'}),	0.028978139298423997
frozenset({'domestic eggs', 'other vegetables'}),	0.02226741230299949
frozenset({'oil', 'whole milk'}),	0.01128622267412303
frozenset({'misc. beverages', 'whole milk'}),	0.007015760040671073
frozenset({'shopping bags', 'long life bakery product'}),	0.005388917132689374
frozenset({'rolls/buns', 'chicken'}),	0.009659379766141332
frozenset({'tropical fruit', 'hygiene articles'}),	0.006710726995424504
frozenset({'whole milk', 'soda'}),	0.040061006609049314
frozenset({'soda', 'sugar'}),	0.007320793085917641
frozenset({'cream cheese ', 'curd'}),	0.005083884087442806
frozenset({'shopping bags', 'dessert'}),	0.0062023385866802234
frozenset({'pastry', 'butter'}),	0.007625826131164209
frozenset({'yogurt', 'brown bread'}),	0.014539908490086425
frozenset({'beverages', 'rolls/buns'}),	0.005388917132689374
frozenset({'tropical fruit', 'chicken'}),	0.006405693950177936
frozenset({'soda', 'citrus fruit'}),	0.012811387900355872
frozenset({'beef', 'domestic eggs'}),	0.005998983223182512
frozenset({'sausage', 'citrus fruit'}),	0.01128622267412303
frozenset({'napkins', 'whipped/sour cream'}),	0.007219115404168785
frozenset({'newspapers', 'other vegetables'}),	0.019318759532282664
frozenset({'yogurt', 'pip fruit', 'other vegetables'}),	0.00813421453990849
frozenset({'yogurt', 'cream cheese ', 'other vegetables'}),	0.0052872394509405184
frozenset({'tropical fruit', 'yogurt', 'citrus fruit'}),	0.00630401626842908
frozenset({'tropical fruit', 'whole milk', 'brown bread'}),	0.0056939501779359435
frozenset({'root vegetables', 'shopping bags', 'whole milk'}),	0.0052872394509405184
frozenset({'long life bakery product', 'whole milk', 'other vegetables'}),	0.0056939501779359435
frozenset({'frankfurter', 'rolls/buns', 'other vegetables'}),	0.005592272496187087
frozenset({'tropical fruit', 'root vegetables', 'pip fruit'}),	0.0052872394509405184
frozenset({'yogurt', 'soda', 'sausage'}),	0.005592272496187087
frozenset({'yogurt', 'whole milk', 'brown bread'}),	0.0071174377224199285
frozenset({'shopping bags', 'soda', 'other vegetables'}),	0.005388917132689374
frozenset({'bottled beer', 'bottled water', 'soda'}),	0.005083884087442806
frozenset({'whole milk', 'yogurt', 'whipped/sour cream'}),	0.010879511947127605
frozenset({'tropical fruit', 'other vegetables', 'sausage'}),	0.005998983223182512
frozenset({'bottled beer', 'whole milk', 'other vegetables'}),	0.007625826131164209
frozenset({'rolls/buns', 'other vegetables', 'beef'}),	0.005795627859684799
frozenset({'root vegetables', 'whole milk', 'chicken'}),	0.005998983223182512
frozenset({'tropical fruit', 'yogurt', 'whipped/sour cream'}),	0.0062023385866802234
frozenset({'pastry', 'whole milk', 'sausage'}),	0.0056939501779359435
frozenset({'whole milk', 'root vegetables', 'brown bread'}),	0.0056939501779359435
frozenset({'yogurt', 'other vegetables', 'sausage'}),	0.00813421453990849
frozenset({'margarine', 'yogurt', 'other vegetables'}),	0.0056939501779359435
frozenset({'tropical fruit', 'bottled water', 'soda'}),	0.005185561769191663
frozenset({'rolls/buns', 'whole milk', 'butter'}),	0.0066090493136756485
frozenset({'root vegetables', 'whole milk', 'sausage'}),	0.007727503812913066
frozenset({'tropical fruit', 'pastry', 'whole milk'}),	0.006710726995424504
frozenset({'root vegetables', 'whole milk', 'soda'}),	0.00813421453990849
frozenset({'root vegetables', 'whole milk', 'newspapers'}),	0.005795627859684799
frozenset({'whole milk', 'coffee', 'other vegetables'}),	0.006405693950177936
frozenset({'soda', 'whole milk', 'domestic eggs'}),	0.005185561769191663
frozenset({'bottled beer', 'whole milk', 'yogurt'}),	0.005185561769191663
frozenset({'domestic eggs', 'other vegetables', 'whipped/sour cream'}),	0.005083884087442806
frozenset({'tropical fruit', 'whole milk', 'soda'}),	0.007829181494661922
frozenset({'rolls/buns', 'soda', 'sausage'}),	0.009659379766141332
frozenset({'whole milk', 'yogurt', 'citrus fruit'}),	0.010269445856634469
frozenset({'whole milk', 'yogurt', 'newspapers'}),	0.0066090493136756485
frozenset({'bottled water', 'whole milk', 'fruit/vegetable juice'}),	0.005795627859684799
frozenset({'tropical fruit', 'whole milk', 'yogurt'}),	0.015149974580579562
frozenset({'rolls/buns', 'yogurt', 'sausage'}),	0.005998983223182512
frozenset({'shopping bags', 'other vegetables', 'sausage'}),	0.005388917132689374
frozenset({'whole milk', 'curd', 'other vegetables'}),	0.009862735129639044
frozenset({'rolls/buns', 'other vegetables', 'whipped/sour cream'}),	0.006710726995424504
frozenset({'whole milk', 'chocolate', 'other vegetables'}),	0.005490594814438231
frozenset({'shopping bags', 'rolls/buns', 'other vegetables'}),	0.0052872394509405184
frozenset({'whole milk', 'frozen vegetables', 'other vegetables'}),	0.009659379766141332
frozenset({'oil', 'whole milk', 'other vegetables'}),	0.005083884087442806
frozenset({'whole milk', 'yogurt', 'coffee'}),	0.005083884087442806
frozenset({'yogurt', 'soda', 'other vegetables'}),	0.008337569903406202
frozenset({'tropical fruit', 'bottled water', 'yogurt'}),	0.0071174377224199285
frozenset({'shopping bags', 'soda', 'sausage'}),	0.0056939501779359435
frozenset({'root vegetables', 'curd', 'other vegetables'}),	0.005490594814438231
frozenset({'pastry', 'root vegetables', 'other vegetables'}),	0.005897305541433655
frozenset({'yogurt', 'whole milk', 'root vegetables'}),	0.014539908490086425
frozenset({'root vegetables', 'other vegetables', 'frozen vegetables'}),	0.006100660904931368
frozenset({'root vegetables', 'rolls/buns', 'whole milk'}),	0.012709710218607015
frozenset({'whole milk', 'yogurt', 'curd'}),	0.010066090493136757
frozenset({'rolls/buns', 'whole milk', 'frankfurter'}),	0.005998983223182512
frozenset({'shopping bags', 'root vegetables', 'other vegetables'}),	0.0066090493136756485
frozenset({'whole milk', 'other vegetables', 'white bread'}),	0.005897305541433655
frozenset({'tropical fruit', 'whole milk', 'curd'}),	0.006507371631926792
frozenset({'tropical fruit', 'whole milk', 'fruit/vegetable juice'}),	0.005998983223182512
frozenset({'yogurt', 'domestic eggs', 'other vegetables'}),	0.005795627859684799
frozenset({'bottled water', 'whole milk', 'other vegetables'}),	0.010777834265378749
frozenset({'whole milk', 'other vegetables', 'whipped/sour cream'}),	0.014641586171835282
frozenset({'root vegetables', 'whole milk', 'frozen vegetables'}),	0.0062023385866802234
frozenset({'rolls/buns', 'whole milk', 'chicken'}),	0.0052872394509405184
frozenset({'beef', 'root vegetables', 'other vegetables'}),	0.007930859176410779
frozenset({'shopping bags', 'yogurt', 'other vegetables'}),	0.005388917132689374
frozenset({'rolls/buns', 'whole milk', 'domestic eggs'}),	0.0066090493136756485
frozenset({'tropical fruit', 'rolls/buns', 'whole milk'}),	0.010981189628876462
frozenset({'whole milk', 'napkins', 'other vegetables'}),	0.00681240467717336
frozenset({'whole milk', 'soda', 'sausage'}),	0.006710726995424504
frozenset({'margarine', 'whole milk', 'domestic eggs'}),	0.005185561769191663
frozenset({'rolls/buns', 'whole milk', 'newspapers'}),	0.007625826131164209
frozenset({'tropical fruit', 'fruit/vegetable juice', 'other vegetables'}),	0.0066090493136756485
frozenset({'rolls/buns', 'yogurt', 'citrus fruit'}),	0.005795627859684799
frozenset({'onions', 'whole milk', 'other vegetables'}),	0.0066090493136756485
frozenset({'rolls/buns', 'domestic eggs', 'other vegetables'}),	0.005897305541433655
frozenset({'tropical fruit', 'whole milk', 'pip fruit'}),	0.008439247585155059
frozenset({'whole milk', 'other vegetables', 'sausage'}),	0.010167768174885612
frozenset({'yogurt', 'whole milk', 'napkins'}),	0.006100660904931368
frozenset({'whole milk', 'yogurt', 'pip fruit'}),	0.009557702084392475
frozenset({'tropical fruit', 'whole milk', 'other vegetables'}),	0.01708185053380783
frozenset({'rolls/buns', 'whole milk', 'napkins'}),	0.0052872394509405184
frozenset({'chicken', 'whole milk', 'other vegetables'}),	0.008439247585155059
frozenset({'rolls/buns', 'other vegetables', 'citrus fruit'}),	0.005998983223182512
frozenset({'pip fruit', 'other vegetables', 'whipped/sour cream'}),	0.005592272496187087
frozenset({'whole milk', 'yogurt', 'other vegetables'}),	0.02226741230299949
frozenset({'margarine', 'root vegetables', 'other vegetables'}),	0.005897305541433655
frozenset({'whole milk', 'yogurt', 'sausage'}),	0.008744280630401627
frozenset({'tropical fruit', 'other vegetables', 'whipped/sour cream'}),	0.007829181494661922
frozenset({'tropical fruit', 'bottled water', 'other vegetables'}),	0.0062023385866802234
frozenset({'whole milk', 'yogurt', 'soda'}),	0.01047280122013218
frozenset({'whole milk', 'soda', 'brown bread'}),	0.005083884087442806
frozenset({'whole milk', 'cream cheese ', 'other vegetables'}),	0.006710726995424504
frozenset({'root vegetables', 'whole milk', 'other vegetables'}),	0.023182511438739197
frozenset({'whole milk', 'pip fruit', 'other vegetables'}),	0.013523131672597865
frozenset({'root vegetables', 'bottled water', 'whole milk'}),	0.007320793085917641
frozenset({'hamburger meat', 'whole milk', 'other vegetables'}),	0.00630401626842908
frozenset({'pastry', 'whole milk', 'other vegetables'}),	0.010574478901881037
frozenset({'rolls/buns', 'whole milk', 'sausage'}),	0.009354346720894764
frozenset({'root vegetables', 'whole milk', 'butter'}),	0.008235892221657347
frozenset({'shopping bags', 'rolls/buns', 'soda'}),	0.00630401626842908
frozenset({'root vegetables', 'whole milk', 'pork'}),	0.00681240467717336
frozenset({'soda', 'whole milk', 'chocolate'}),	0.005083884087442806
frozenset({'beef', 'root vegetables', 'whole milk'}),	0.008032536858159633
frozenset({'tropical fruit', 'whole milk', 'butter'}),	0.0062023385866802234
frozenset({'soda', 'domestic eggs', 'other vegetables'}),	0.005083884087442806
frozenset({'rolls/buns', 'whole milk', 'fruit/vegetable juice'}),	0.005592272496187087
frozenset({'yogurt', 'whole milk', 'cream cheese '}),	0.0066090493136756485
frozenset({'whole milk', 'newspapers', 'other vegetables'}),	0.008337569903406202
frozenset({'rolls/buns', 'whole milk', 'pip fruit'}),	0.0062023385866802234
frozenset({'bottled water', 'whole milk', 'citrus fruit'}),	0.005897305541433655
frozenset({'margarine', 'whole milk', 'other vegetables'}),	0.009252669039145907
frozenset({'tropical fruit', 'root vegetables', 'citrus fruit'}),	0.0056939501779359435
frozenset({'yogurt', 'root vegetables', 'sausage'}),	0.005185561769191663
frozenset({'shopping bags', 'rolls/buns', 'whole milk'}),	0.0052872394509405184
frozenset({'root vegetables', 'whole milk', 'curd'}),	0.0062023385866802234
frozenset({'root vegetables', 'whole milk', 'fruit/vegetable juice'}),	0.006507371631926792
frozenset({'rolls/buns', 'whole milk', 'pork'}),	0.0062023385866802234
frozenset({'tropical fruit', 'yogurt', 'soda'}),	0.0066090493136756485
frozenset({'tropical fruit', 'rolls/buns', 'soda'}),	0.005388917132689374
frozenset({'rolls/buns', 'whole milk', 'citrus fruit'}),	0.007219115404168785
frozenset({'whole milk', 'butter', 'whipped/sour cream'}),	0.006710726995424504
frozenset({'yogurt', 'fruit/vegetable juice', 'other vegetables'}),	0.008235892221657347
frozenset({'onions', 'root vegetables', 'other vegetables'}),	0.0056939501779359435
frozenset({'rolls/buns', 'root vegetables', 'other vegetables'}),	0.012201321809862735
frozenset({'rolls/buns', 'yogurt', 'newspapers'}),	0.005083884087442806
frozenset({'butter', 'rolls/buns', 'other vegetables'}),	0.0056939501779359435
frozenset({'rolls/buns', 'yogurt', 'soda'}),	0.00864260294865277
frozenset({'root vegetables', 'other vegetables', 'sausage'}),	0.00681240467717336
frozenset({'tropical fruit', 'rolls/buns', 'other vegetables'}),	0.007829181494661922
frozenset({'whole milk', 'domestic eggs', 'whipped/sour cream'}),	0.0056939501779359435
frozenset({'root vegetables', 'fruit/vegetable juice', 'other vegetables'}),	0.0066090493136756485
frozenset({'tropical fruit', 'whole milk', 'whipped/sour cream'}),	0.007930859176410779
frozenset({'shopping bags', 'whole milk', 'soda'}),	0.00681240467717336
frozenset({'yogurt', 'pastry', 'whole milk'}),	0.009150991357397052
frozenset({'whole milk', 'pip fruit', 'sausage'}),	0.005592272496187087
frozenset({'rolls/buns', 'newspapers', 'other vegetables'}),	0.005490594814438231
frozenset({'root vegetables', 'rolls/buns', 'yogurt'}),	0.007219115404168785
frozenset({'rolls/buns', 'soda', 'other vegetables'}),	0.009862735129639044
frozenset({'bottled water', 'yogurt', 'soda'}),	0.007422470767666497
frozenset({'root vegetables', 'whole milk', 'citrus fruit'}),	0.009150991357397052
frozenset({'shopping bags', 'whole milk', 'other vegetables'}),	0.007625826131164209
frozenset({'tropical fruit', 'rolls/buns', 'yogurt'}),	0.008744280630401627
frozenset({'root vegetables', 'pastry', 'whole milk'}),	0.0056939501779359435
frozenset({'pastry', 'whole milk', 'pip fruit'}),	0.005083884087442806
frozenset({'yogurt', 'other vegetables', 'whipped/sour cream'}),	0.010167768174885612
frozenset({'whole milk', 'curd', 'whipped/sour cream'}),	0.005897305541433655
frozenset({'root vegetables', 'soda', 'other vegetables'}),	0.008235892221657347
frozenset({'tropical fruit', 'pastry', 'other vegetables'}),	0.005083884087442806
frozenset({'root vegetables', 'other vegetables', 'citrus fruit'}),	0.010371123538383325
frozenset({'bottled water', 'whole milk', 'butter'}),	0.005388917132689374
frozenset({'tropical fruit', 'whole milk', 'domestic eggs'}),	0.006914082358922217
frozenset({'yogurt', 'curd', 'other vegetables'}),	0.006100660904931368
frozenset({'yogurt', 'frozen vegetables', 'other vegetables'}),	0.0052872394509405184
frozenset({'bottled beer', 'rolls/buns', 'whole milk'}),	0.005388917132689374
frozenset({'pastry', 'yogurt', 'other vegetables'}),	0.0066090493136756485
frozenset({'whole milk', 'domestic eggs', 'butter'}),	0.005998983223182512
frozenset({'yogurt', 'newspapers', 'other vegetables'}),	0.005592272496187087
frozenset({'yogurt', 'other vegetables', 'citrus fruit'}),	0.007625826131164209
frozenset({'tropical fruit', 'root vegetables', 'yogurt'}),	0.00813421453990849
frozenset({'whole milk', 'soda', 'other vegetables'}),	0.013929842399593289
frozenset({'tropical fruit', 'soda', 'other vegetables'}),	0.007219115404168785
frozenset({'bottled water', 'yogurt', 'rolls/buns'}),	0.0071174377224199285
frozenset({'whole milk', 'whipped/sour cream', 'sausage'}),	0.005083884087442806
frozenset({'tropical fruit', 'yogurt', 'other vegetables'}),	0.012302999491611592
frozenset({'bottled beer', 'bottled water', 'whole milk'}),	0.006100660904931368
frozenset({'rolls/buns', 'whole milk', 'brown bread'}),	0.0052872394509405184
frozenset({'root vegetables', 'yogurt', 'other vegetables'}),	0.012913065582104729
frozenset({'tropical fruit', 'pip fruit', 'other vegetables'}),	0.00945602440264362
frozenset({'root vegetables', 'pork', 'other vegetables'}),	0.007015760040671073
frozenset({'chicken', 'root vegetables', 'other vegetables'}),	0.0056939501779359435
frozenset({'rolls/buns', 'whole milk', 'beef'}),	0.00681240467717336
frozenset({'whole milk', 'fruit/vegetable juice', 'other vegetables'}),	0.01047280122013218
frozenset({'bottled water', 'other vegetables', 'sausage'}),	0.005083884087442806
frozenset({'bottled water', 'other vegetables', 'rolls/buns'}),	0.007320793085917641
frozenset({'pip fruit', 'other vegetables', 'citrus fruit'}),	0.005897305541433655
frozenset({'rolls/buns', 'whole milk', 'soda'}),	0.008845958312150484
frozenset({'root vegetables', 'yogurt', 'whipped/sour cream'}),	0.006405693950177936
frozenset({'margarine', 'whole milk', 'yogurt'}),	0.007015760040671073
frozenset({'root vegetables', 'whole milk', 'pip fruit'}),	0.008947635993899338
frozenset({'yogurt', 'shopping bags', 'whole milk'}),	0.0052872394509405184
frozenset({'tropical fruit', 'yogurt', 'pip fruit'}),	0.006405693950177936
frozenset({'rolls/buns', 'yogurt', 'other vegetables'}),	0.011489578037620742
frozenset({'pastry', 'rolls/buns', 'whole milk'}),	0.008540925266903915
frozenset({'shopping bags', 'rolls/buns', 'sausage'}),	0.005998983223182512
frozenset({'fruit/vegetable juice', 'yogurt', 'soda'}),	0.005083884087442806
frozenset({'beef', 'whole milk', 'other vegetables'}),	0.009252669039145907
frozenset({'whole milk', 'pork', 'other vegetables'}),	0.010167768174885612
frozenset({'pastry', 'rolls/buns', 'soda'}),	0.005388917132689374
frozenset({'tropical fruit', 'whole milk', 'citrus fruit'}),	0.009049313675648195
frozenset({'tropical fruit', 'whole milk', 'newspapers'}),	0.005083884087442806
frozenset({'whole milk', 'domestic eggs', 'citrus fruit'}),	0.0056939501779359435
frozenset({'frankfurter', 'whole milk', 'other vegetables'}),	0.007625826131164209
frozenset({'beef', 'yogurt', 'whole milk'}),	0.006100660904931368
frozenset({'whole milk', 'root vegetables', 'frankfurter'}),	0.005083884087442806
frozenset({'bottled water', 'soda', 'other vegetables'}),	0.0056939501779359435
frozenset({'pastry', 'whole milk', 'soda'}),	0.008235892221657347
frozenset({'tropical fruit', 'whole milk', 'root vegetables'}),	0.011997966446365024
frozenset({'whole milk', 'hygiene articles', 'other vegetables'}),	0.005185561769191663
frozenset({'tropical fruit', 'other vegetables', 'citrus fruit'}),	0.009049313675648195
frozenset({'margarine', 'rolls/buns', 'other vegetables'}),	0.005185561769191663
frozenset({'whole milk', 'whipped/sour cream', 'citrus fruit'}),	0.00630401626842908
frozenset({'whole milk', 'yogurt', 'fruit/vegetable juice'}),	0.00945602440264362
frozenset({'bottled water', 'whole milk', 'soda'}),	0.0075241484494153535
frozenset({'whole milk', 'soda', 'whipped/sour cream'}),	0.005490594814438231
frozenset({'root vegetables', 'pip fruit', 'other vegetables'}),	0.00813421453990849
frozenset({'tropical fruit', 'pip fruit', 'citrus fruit'}),	0.005592272496187087
frozenset({'tropical fruit', 'rolls/buns', 'bottled water'}),	0.005388917132689374
frozenset({'rolls/buns', 'yogurt', 'whole milk'}),	0.015556685307574987
frozenset({'butter', 'whole milk', 'other vegetables'}),	0.011489578037620742
frozenset({'tropical fruit', 'root vegetables', 'other vegetables'}),	0.012302999491611592
frozenset({'pastry', 'soda', 'other vegetables'}),	0.005490594814438231
frozenset({'root vegetables', 'domestic eggs', 'other vegetables'}),	0.007320793085917641
frozenset({'soda', 'bottled water', 'fruit/vegetable juice'}),	0.005185561769191663
frozenset({'root vegetables', 'whole milk', 'whipped/sour cream'}),	0.00945602440264362
frozenset({'root vegetables', 'yogurt', 'pip fruit'}),	0.0052872394509405184
frozenset({'whipped/sour cream', 'other vegetables', 'citrus fruit'}),	0.0056939501779359435
frozenset({'pastry', 'rolls/buns', 'yogurt'}),	0.005795627859684799
frozenset({'bottled water', 'soda', 'rolls/buns'}),	0.00681240467717336
frozenset({'rolls/buns', 'whole milk', 'other vegetables'}),	0.017895271987798677
frozenset({'whole milk', 'pip fruit', 'domestic eggs'}),	0.005388917132689374
frozenset({'rolls/buns', 'pork', 'other vegetables'}),	0.005592272496187087
frozenset({'soda', 'whole milk', 'fruit/vegetable juice'}),	0.006100660904931368
frozenset({'rolls/buns', 'whole milk', 'frozen vegetables'}),	0.005083884087442806
frozenset({'rolls/buns', 'whole milk', 'curd'}),	0.005897305541433655
frozenset({'root vegetables', 'other vegetables', 'butter'}),	0.0066090493136756485
frozenset({'rolls/buns', 'other vegetables', 'sausage'}),	0.008845958312150484
frozenset({'tropical fruit', 'yogurt', 'curd'}),	0.0052872394509405184
frozenset({'whole milk', 'domestic eggs', 'other vegetables'}),	0.012302999491611592
frozenset({'whole milk', 'other vegetables', 'sugar'}),	0.00630401626842908
frozenset({'tropical fruit', 'rolls/buns', 'root vegetables'}),	0.005897305541433655
frozenset({'root vegetables', 'other vegetables', 'whipped/sour cream'}),	0.008540925266903915
frozenset({'bottled water', 'root vegetables', 'other vegetables'}),	0.007015760040671073
frozenset({'whole milk', 'other vegetables', 'brown bread'}),	0.009354346720894764
frozenset({'bottled water', 'whole milk', 'rolls/buns'}),	0.008744280630401627
frozenset({'rolls/buns', 'whole milk', 'whipped/sour cream'}),	0.007829181494661922
frozenset({'whole milk', 'pip fruit', 'citrus fruit'}),	0.005185561769191663
frozenset({'pastry', 'rolls/buns', 'other vegetables'}),	0.006100660904931368
frozenset({'butter', 'yogurt', 'other vegetables'}),	0.006405693950177936
frozenset({'margarine', 'rolls/buns', 'whole milk'}),	0.007930859176410779
frozenset({'tropical fruit', 'whole milk', 'sausage'}),	0.007219115404168785
frozenset({'bottled water', 'yogurt', 'other vegetables'}),	0.00813421453990849
frozenset({'tropical fruit', 'butter', 'other vegetables'}),	0.005490594814438231
frozenset({'whole milk', 'pip fruit', 'whipped/sour cream'}),	0.005998983223182512
frozenset({'whole milk', 'yogurt', 'domestic eggs'}),	0.007727503812913066
frozenset({'tropical fruit', 'curd', 'other vegetables'}),	0.0052872394509405184
frozenset({'root vegetables', 'newspapers', 'other vegetables'}),	0.005998983223182512
frozenset({'rolls/buns', 'pip fruit', 'other vegetables'}),	0.005083884087442806
frozenset({'bottled water', 'other vegetables', 'citrus fruit'}),	0.005083884087442806
frozenset({'yogurt', 'bottled water', 'whole milk'}),	0.009659379766141332
frozenset({'tropical fruit', 'whole milk', 'frankfurter'}),	0.005185561769191663
frozenset({'root vegetables', 'whole milk', 'domestic eggs'}),	0.008540925266903915
frozenset({'whole milk', 'yogurt', 'butter'}),	0.009354346720894764
frozenset({'whole milk', 'other vegetables', 'citrus fruit'}),	0.013014743263853584
frozenset({'tropical fruit', 'bottled water', 'whole milk'}),	0.008032536858159633
frozenset({'whole milk', 'yogurt', 'frankfurter'}),	0.0062023385866802234
frozenset({'whole milk', 'yogurt', 'frozen vegetables'}),	0.006100660904931368
frozenset({'yogurt', 'other vegetables', 'brown bread'}),	0.005185561769191663
frozenset({'whole milk', 'butter', 'citrus fruit'}),	0.005083884087442806
frozenset({'beef', 'yogurt', 'other vegetables'}),	0.005185561769191663
frozenset({'soda', 'other vegetables', 'sausage'}),	0.007219115404168785
frozenset({'butter', 'other vegetables', 'whipped/sour cream'}),	0.005795627859684799
frozenset({'whole milk', 'other vegetables', 'whipped/sour cream', 'yogurt'}),	0.005592272496187087
frozenset({'whole milk', 'other vegetables', 'root vegetables', 'pip fruit'}),	0.005490594814438231
frozenset({'root vegetables', 'whole milk', 'other vegetables', 'yogurt'}),	0.007829181494661922
frozenset({'root vegetables', 'whole milk', 'tropical fruit', 'yogurt'}),	0.0056939501779359435
frozenset({'whole milk', 'other vegetables', 'yogurt', 'fruit/vegetable juice'}),	0.005083884087442806
frozenset({'whole milk', 'other vegetables', 'whipped/sour cream', 'root vegetables'}),	0.005185561769191663
frozenset({'whole milk', 'other vegetables', 'root vegetables', 'citrus fruit'}),	0.005795627859684799
frozenset({'whole milk', 'other vegetables', 'rolls/buns', 'yogurt'}),	0.005998983223182512
frozenset({'whole milk', 'other vegetables', 'rolls/buns', 'root vegetables'}),	0.0062023385866802234
frozenset({'whole milk', 'other vegetables', 'tropical fruit', 'root vegetables'}),	0.007015760040671073
frozenset({'whole milk', 'other vegetables', 'tropical fruit', 'yogurt'}),	0.007625826131164209
frozenset({'whole milk', 'other vegetables', 'yogurt', 'pip fruit'}),	0.005083884087442806
